Customer_ID,Gender,Age,Region,Product_Category,Units_Purchased,Price_Per_Unit,Purchase_Date,Total_Amount
C001,Male,52,South,Grocery,6,1000,2026-01-26,6000
C002,Female,52,West,Electronics,7,500,2026-02-16,3500
C003,Male,50,North,Clothing,4,1000,2026-05-01,4000
C004,Male,22,West,Grocery,3,75,2026-02-25,225
C005,Male,59,West,Grocery,2,200,2026-04-04,400
C006,Female,56,North,Clothing,7,750,2026-04-17,5250
C007,Male,58,South,Grocery,5,150,2026-03-04,750
C008,Male,45,North,Clothing,5,250,2026-02-17,1250
C009,Male,24,West,Electronics,3,50,2026-03-02,150
C010,Female,26,South,Grocery,4,750,2026-03-22,3000
C011,Male,25,West,Grocery,1,50,2026-01-26,50
C012,Male,29,North,Grocery,4,200,2026-02-05,800
C013,Male,51,North,Grocery,3,150,2026-01-01,450
C014,Male,50,West,Clothing,5,100,2026-01-08,500
C015,Female,40,East,Clothing,4,250,2026-04-23,1000
C016,Male,41,East,Grocery,5,75,2026-04-09,375
C017,Female,54,North,Clothing,7,100,2026-06-29,700
C018,Female,52,North,Grocery,1,200,2026-02-16,200
C019,Female,57,East,Grocery,7,750,2026-05-07,5250
C020,Male,39,East,Grocery,5,75,2026-02-25,375
C021,Female,44,West,Electronics,5,1000,2026-01-14,5000
C022,Male,52,West,Clothing,2,500,2026-01-28,1000
C023,Female,18,East,Electronics,2,75,2026-03-19,150
C024,Female,52,West,Clothing,7,200,2026-05-10,1400
C025,Female,54,West,Electronics,6,300,2026-04-19,1800
C026,Female,31,South,Clothing,7,500,2026-06-03,3500
C027,Female,20,West,Clothing,2,50,2026-01-14,100
C028,Female,18,North,Electronics,5,250,2026-02-25,1250
C029,Female,22,West,Clothing,3,50,2026-04-25,150
C030,Female,43,West,Electronics,7,75,2026-01-07,525
C031,Male,31,East,Electronics,5,50,2026-01-03,250
C032,Male,56,North,Grocery,3,200,2026-04-21,600
C033,Female,44,West,Clothing,3,1000,2026-05-31,3000
C034,Female,26,West,Electronics,2,750,2026-04-17,1500
C035,Female,32,South,Clothing,7,250,2026-01-18,1750
C036,Male,32,West,Grocery,4,50,2026-02-07,200
C037,Female,43,West,Electronics,1,50,2026-04-25,50
C038,Male,59,South,Clothing,2,75,2026-01-15,150
C039,Male,30,East,Electronics,2,750,2026-04-29,1500
C040,Male,49,West,Electronics,4,100,2026-01-28,400
C041,Male,56,South,Clothing,1,50,2026-02-08,50
C042,Male,49,North,Clothing,5,200,2026-01-17,1000
C043,Female,21,East,Clothing,6,300,2026-03-27,1800
C044,Female,47,North,Grocery,7,250,2026-05-06,1750
C045,Female,54,North,Grocery,6,50,2026-02-13,300
C046,Female,40,South,Clothing,5,200,2026-01-25,1000
C047,Female,56,West,Electronics,2,200,2026-05-25,400
C048,Male,32,South,Grocery,1,250,2026-01-13,250
C049,Female,60,South,Electronics,2,100,2026-01-25,200
C050,Female,46,South,Clothing,3,200,2026-03-09,600
C051,Male,53,South,Electronics,2,300,2026-05-18,600
C052,Female,30,East,Electronics,2,200,2026-03-08,400
C053,Male,49,West,Grocery,5,200,2026-04-19,1000
C054,Female,24,North,Grocery,5,200,2026-05-26,1000
C055,Male,39,North,Clothing,5,1000,2026-04-21,5000
C056,Female,45,West,Clothing,6,1000,2026-04-21,6000
C057,Female,19,North,Electronics,3,100,2026-02-03,300
C058,Male,59,West,Electronics,5,50,2026-04-21,250
C059,Male,23,North,Electronics,1,200,2026-01-08,200
C060,Male,45,South,Clothing,6,750,2026-06-17,4500
C061,Male,45,North,Grocery,4,50,2026-04-23,200
C062,Male,37,West,Clothing,1,100,2026-03-24,100
C063,Male,47,West,Electronics,7,150,2026-02-11,1050
C064,Male,28,West,Grocery,7,50,2026-06-18,350
C065,Male,45,West,Grocery,1,50,2026-04-11,50
C066,Female,42,West,Clothing,5,500,2026-01-06,2500
C067,Female,56,East,Clothing,4,75,2026-06-29,300
C068,Male,50,East,Clothing,4,500,2026-01-26,2000
C069,Female,18,North,Electronics,6,300,2026-03-05,1800
C070,Female,44,West,Clothing,4,1000,2026-02-28,4000
C071,Female,30,North,Grocery,7,1000,2026-04-19,7000
C072,Female,58,West,Electronics,3,75,2026-05-01,225
C073,Male,20,West,Electronics,5,250,2026-02-02,1250
C074,Female,56,East,Electronics,4,250,2026-06-30,1000
C075,Male,23,East,Electronics,6,100,2026-05-30,600
C076,Female,25,South,Grocery,7,75,2026-01-21,525
C077,Female,44,East,Grocery,3,50,2026-03-11,150
C078,Female,26,South,Clothing,2,250,2026-04-22,500
C079,Male,54,South,Electronics,2,200,2026-01-04,400
C080,Female,50,South,Clothing,3,750,2026-04-04,2250
C081,Male,59,South,Clothing,7,50,2026-03-16,350
C082,Female,41,South,Electronics,6,300,2026-03-03,1800
C083,Male,32,North,Clothing,3,200,2026-04-04,600
C084,Female,49,East,Clothing,5,200,2026-04-05,1000
C085,Male,49,South,Clothing,5,75,2026-06-01,375
C086,Male,41,West,Clothing,2,100,2026-02-24,200
C087,Female,58,East,Electronics,4,300,2026-05-17,1200
C088,Male,29,East,Clothing,6,250,2026-05-11,1500
C089,Female,56,South,Clothing,2,75,2026-01-31,150
C090,Female,19,North,Clothing,4,250,2026-02-09,1000
C091,Female,20,South,Grocery,4,75,2026-02-05,300
C092,Female,54,North,Clothing,5,75,2026-06-01,375
C093,Female,34,West,Electronics,7,75,2026-01-06,525
C094,Female,19,East,Electronics,1,100,2026-03-07,100
C095,Female,19,West,Clothing,7,75,2026-03-16,525
C096,Female,45,North,Electronics,1,150,2026-01-04,150
C097,Female,40,North,Clothing,3,750,2026-03-20,2250
C098,Female,54,West,Grocery,5,250,2026-05-14,1250
C099,Female,49,North,Clothing,4,50,2026-04-28,200
C100,Male,50,West,Clothing,6,500,2026-04-23,3000
C101,Male,18,East,Clothing,1,300,2026-04-04,300
C102,Female,36,West,Clothing,7,1000,2026-06-28,7000
C103,Female,19,East,Clothing,4,100,2026-03-03,400
C104,Female,43,West,Grocery,1,50,2026-03-20,50
C105,Female,49,North,Clothing,1,200,2026-05-16,200
C106,Female,23,West,Grocery,1,150,2026-01-26,150
C107,Female,49,North,Grocery,6,1000,2026-06-28,6000
C108,Female,21,West,Electronics,5,500,2026-06-22,2500
C109,Female,28,West,Electronics,6,50,2026-02-13,300
C110,Male,34,South,Electronics,2,1000,2026-05-13,2000
C111,Female,55,North,Electronics,4,50,2026-03-11,200
C112,Male,41,South,Electronics,5,150,2026-06-03,750
C113,Female,22,North,Clothing,5,500,2026-04-28,2500
C114,Female,51,South,Electronics,5,200,2026-03-09,1000
C115,Male,23,East,Electronics,7,75,2026-01-19,525
C116,Female,39,West,Grocery,5,250,2026-01-20,1250
C117,Male,28,North,Electronics,6,200,2026-04-23,1200
C118,Female,33,North,Grocery,5,75,2026-05-20,375
C119,Female,50,West,Electronics,3,100,2026-02-16,300
C120,Male,26,North,Electronics,4,750,2026-01-01,3000
C121,Female,23,North,Clothing,5,300,2026-03-31,1500
C122,Male,33,South,Clothing,4,300,2026-05-22,1200
C123,Female,46,North,Grocery,3,250,2026-03-05,750
C124,Male,20,East,Grocery,3,500,2026-02-07,1500
C125,Male,37,East,Grocery,4,150,2026-02-06,600
C126,Female,53,West,Electronics,1,500,2026-05-06,500
C127,Female,36,North,Electronics,2,150,2026-05-19,300
C128,Male,43,West,Grocery,7,500,2026-04-10,3500
C129,Female,20,East,Grocery,1,750,2026-03-18,750
C130,Female,36,North,Grocery,1,100,2026-01-03,100
C131,Female,37,North,Clothing,6,100,2026-06-10,600
C132,Male,49,West,Clothing,7,75,2026-05-14,525
C133,Male,24,East,Grocery,7,1000,2026-06-27,7000
C134,Male,58,North,Electronics,1,100,2026-01-10,100
C135,Male,50,West,Grocery,5,100,2026-01-05,500
C136,Male,57,East,Grocery,6,200,2026-05-31,1200
C137,Male,56,West,Clothing,6,200,2026-05-18,1200
C138,Male,35,South,Grocery,3,75,2026-06-21,225
C139,Male,57,North,Grocery,7,1000,2026-05-10,7000
C140,Male,18,South,Electronics,1,250,2026-01-13,250
C141,Female,28,East,Grocery,3,200,2026-06-17,600
C142,Male,45,South,Clothing,4,250,2026-05-10,1000
C143,Female,42,South,Grocery,2,50,2026-03-25,100
C144,Female,40,East,Electronics,6,200,2026-03-06,1200
C145,Female,48,West,Grocery,4,750,2026-03-04,3000
C146,Male,47,South,Clothing,4,1000,2026-04-11,4000
C147,Male,59,West,Electronics,5,75,2026-03-14,375
C148,Male,52,South,Grocery,2,50,2026-01-17,100
C149,Male,24,West,Electronics,4,1000,2026-01-09,4000
C150,Female,33,East,Electronics,4,750,2026-05-23,3000
